Id 1 Imie Katarzyna Nazwisko Adamczyk Pesel 1000011130 Tytul mgr E-mail KatarzynaAdamczyk@gmail.com Wydzial informatyka
Id 2 Imie Julia Nazwisko Stepien Pesel 1000027488 Tytul dr E-mail JStepien@gmail.com Wydzial ekonomia
Id 3 Imie Alicja Nazwisko Zajac Pesel 1000005203 Tytul dr E-mail AlicjaZajac@wp.pl Wydzial fizjoterapia
Id 4 Imie Andrzej Nazwisko Nowak Pesel 1000010144 Tytul prof E-mail AndrzejNowak@gmail.com Wydzial automatyka
Id 5 Imie Maciej Nazwisko Kowalczyk Pesel 1000019839 Tytul prof E-mail MaciejKowalczyk@gmail.com Wydzial fizjoterapia
Id 6 Imie Malgorzata Nazwisko Krawczyk Pesel 1000032348 Tytul mgr E-mail MalgorzataKrawczyk@proton.com Wydzial ekonomia
Id 7 Imie Lukasz Nazwisko Adamczyk Pesel 1000013208 Tytul mgr E-mail LukaszAdamczyk@outlook.com Wydzial ekonomia
Id 8 Imie Barbara Nazwisko Krol Pesel 1000005204 Tytul dr E-mail BarbaraKrol@proton.com Wydzial fizjoterapia
Id 9 Imie Robert Nazwisko Mazur Pesel 1000014743 Tytul inz E-mail RMazur@outlook.com Wydzial ekonomia
Id 10 Imie Malgorzata Nazwisko Walczak Pesel 1000021901 Tytul prof E-mail Malgorzata.W@gmail.com Wydzial automatyka
Id 11 Imie Mateusz Nazwisko Pietrzak Pesel 1000027829 Tytul mgr E-mail Mateusz.P@gmail.com Wydzial fizjoterapia
Id 12 Imie Malgorzata Nazwisko Mazur Pesel 1000027884 Tytul prof E-mail MMazur@o2.pl Wydzial fizjoterapia
Id 13 Imie Elzbieta Nazwisko Lewandowski Pesel 1000028557 Tytul dr.hab E-mail ElzbietaLewandowski@o2.pl Wydzial fizjoterapia
Id 14 Imie Wojciech Nazwisko Szewczyk Pesel 1000008615 Tytul dr.hab E-mail Wojciech.S@outlook.com Wydzial automatyka
Id 15 Imie Mariusz Nazwisko Duda Pesel 1000006156 Tytul dr E-mail MariuszDuda@wp.pl Wydzial automatyka
Id 16 Imie Jakub Nazwisko Wojcik Pesel 1000020249 Tytul mgr E-mail JakubWojcik@gmail.com Wydzial automatyka
Id 17 Imie Katarzyna Nazwisko Adamczyk Pesel 1000004888 Tytul dr E-mail KatarzynaAdamczyk@o2.pl Wydzial fizjoterapia
Id 18 Imie Ewelina Nazwisko Wojcik Pesel 1000011169 Tytul mgr E-mail Ewelina.W@proton.com Wydzial ekonomia
Id 19 Imie Maria Nazwisko Krawczyk Pesel 1000019953 Tytul prof E-mail MariaKrawczyk@wp.pl Wydzial ekonomia
Id 20 Imie Mateusz Nazwisko Walczak Pesel 1000029070 Tytul prof E-mail MateuszWalczak@outlook.com Wydzial informatyka
Id 21 Imie Mariusz Nazwisko Stepien Pesel 1000014519 Tytul mgr E-mail MariuszStepien@proton.com Wydzial ekonomia
Id 22 Imie Pawel Nazwisko Adamczyk Pesel 1000018757 Tytul dr E-mail PawelAdamczyk@o2.pl Wydzial informatyka
Id 23 Imie Krystyna Nazwisko Wilk Pesel 1000003746 Tytul inz E-mail KrystynaWilk@wp.pl Wydzial ekonomia
Id 24 Imie Grzegorz Nazwisko Adamczyk Pesel 1000007722 Tytul dr.hab E-mail Grzegorz.A@outlook.com Wydzial ekonomia
Id 25 Imie Jakub Nazwisko Krawczyk Pesel 1000032713 Tytul dr E-mail JakubKrawczyk@proton.com Wydzial informatyka
Id 26 Imie Lukasz Nazwisko Bak Pesel 1000024565 Tytul mgr E-mail LBak@gmail.com Wydzial automatyka
Id 27 Imie Mariusz Nazwisko Sikora Pesel 1000011658 Tytul prof E-mail MariuszSikora@o2.pl Wydzial ekonomia
Id 28 Imie Krystyna Nazwisko Stepien Pesel 1000010346 Tytul dr.hab E-mail KrystynaStepien@outlook.com Wydzial fizjoterapia
Id 29 Imie Magdalena Nazwisko Adamczyk Pesel 1000013809 Tytul mgr E-mail MAdamczyk@wp.pl Wydzial ekonomia
Id 30 Imie Dawid Nazwisko Wojcik Pesel 1000025023 Tytul dr E-mail DawidWojcik@wp.pl Wydzial automatyka
Id 31 Imie Malgorzata Nazwisko Zajac Pesel 1000023479 Tytul prof E-mail MalgorzataZajac@o2.pl Wydzial automatyka
Id 32 Imie Tomasz Nazwisko Wieczorek Pesel 1000027663 Tytul mgr E-mail Tomasz.W@gmail.com Wydzial informatyka
Id 33 Imie Alicja Nazwisko Mazur Pesel 1000032681 Tytul dr E-mail Alicja.M@gmail.com Wydzial informatyka
Id 34 Imie Rafal Nazwisko Kowalczyk Pesel 1000028837 Tytul dr.hab E-mail RKowalczyk@wp.pl Wydzial informatyka
Id 35 Imie Pawel Nazwisko Wilk Pesel 1000028056 Tytul dr E-mail Pawel.W@o2.pl Wydzial fizjoterapia
Id 36 Imie Monika Nazwisko Kaczmarek Pesel 1000008204 Tytul mgr E-mail MKaczmarek@o2.pl Wydzial automatyka
Id 37 Imie Zbigniew Nazwisko Kaczmarek Pesel 1000016932 Tytul prof E-mail ZbigniewKaczmarek@o2.pl Wydzial fizjoterapia
Id 38 Imie Adam Nazwisko Walczak Pesel 1000005158 Tytul prof E-mail Adam.W@outlook.com Wydzial fizjoterapia
Id 39 Imie Ewelina Nazwisko Kowalczyk Pesel 1000014332 Tytul mgr E-mail EwelinaKowalczyk@o2.pl Wydzial automatyka
Id 40 Imie Andrzej Nazwisko Pawlak Pesel 1000002483 Tytul dr.hab E-mail Andrzej.P@outlook.com Wydzial automatyka
Id 41 Imie Krystyna Nazwisko Nowak Pesel 1000019049 Tytul dr.hab E-mail Krystyna.N@wp.pl Wydzial fizjoterapia
Id 42 Imie Elzbieta Nazwisko Wilk Pesel 1000011536 Tytul dr.hab E-mail ElzbietaWilk@o2.pl Wydzial fizjoterapia
Id 43 Imie Mariusz Nazwisko Szewczyk Pesel 1000008263 Tytul dr.hab E-mail Mariusz.S@gmail.com Wydzial fizjoterapia
Id 44 Imie Jakub Nazwisko Krawczyk Pesel 1000023583 Tytul mgr E-mail JakubKrawczyk@o2.pl Wydzial fizjoterapia
Id 45 Imie Julia Nazwisko Nowak Pesel 1000028078 Tytul inz E-mail JuliaNowak@proton.com Wydzial automatyka
Id 46 Imie Katarzyna Nazwisko Zajac Pesel 1000005002 Tytul dr E-mail KatarzynaZajac@o2.pl Wydzial informatyka
Id 47 Imie Dariusz Nazwisko Wojcik Pesel 1000015351 Tytul inz E-mail DariuszWojcik@wp.pl Wydzial informatyka
Id 48 Imie Grzegorz Nazwisko Stepien Pesel 1000020452 Tytul mgr E-mail GStepien@wp.pl Wydzial fizjoterapia
Id 49 Imie Elzbieta Nazwisko Kaczmarek Pesel 1000007922 Tytul mgr E-mail Elzbieta.K@gmail.com Wydzial automatyka
Id 50 Imie Katarzyna Nazwisko Adamczyk Pesel 1000002909 Tytul mgr E-mail KAdamczyk@outlook.com Wydzial fizjoterapia
Id 51 Imie Alicja Nazwisko Wozniak Pesel 1000007000 Tytul inz E-mail AlicjaWozniak@outlook.com Wydzial ekonomia
Id 52 Imie Dariusz Nazwisko Walczak Pesel 1000016118 Tytul dr E-mail DariuszWalczak@proton.com Wydzial informatyka
Id 53 Imie Tomasz Nazwisko Baran Pesel 1000013790 Tytul inz E-mail TomaszBaran@o2.pl Wydzial ekonomia
Id 54 Imie Barbara Nazwisko Mazur Pesel 1000031363 Tytul inz E-mail BMazur@proton.com Wydzial automatyka
Id 55 Imie Julia Nazwisko Pietrzak Pesel 1000007043 Tytul dr.hab E-mail Julia.P@proton.com Wydzial automatyka
Id 56 Imie Barbara Nazwisko Dudek Pesel 1000020696 Tytul inz E-mail BDudek@wp.pl Wydzial automatyka
Id 57 Imie Marek Nazwisko Adamczyk Pesel 1000025310 Tytul dr E-mail MarekAdamczyk@wp.pl Wydzial ekonomia
Id 58 Imie Krystyna Nazwisko Baran Pesel 1000003570 Tytul mgr E-mail KBaran@o2.pl Wydzial fizjoterapia
Id 59 Imie Tomasz Nazwisko Kowalczyk Pesel 1000023453 Tytul inz E-mail TomaszKowalczyk@wp.pl Wydzial fizjoterapia
Id 60 Imie Dawid Nazwisko Duda Pesel 1000000774 Tytul dr.hab E-mail DawidDuda@outlook.com Wydzial automatyka
Id 61 Imie Joanna Nazwisko Dudek Pesel 1000003195 Tytul dr.hab E-mail JoannaDudek@outlook.com Wydzial informatyka
Id 62 Imie Elzbieta Nazwisko Wojcik Pesel 1000014506 Tytul inz E-mail ElzbietaWojcik@o2.pl Wydzial fizjoterapia
Id 63 Imie Piotr Nazwisko Wilk Pesel 1000012621 Tytul dr E-mail PWilk@outlook.com Wydzial ekonomia
Id 64 Imie Andrzej Nazwisko Wilk Pesel 1000006564 Tytul inz E-mail AWilk@proton.com Wydzial ekonomia
Id 65 Imie Ewelina Nazwisko Wilk Pesel 1000004603 Tytul inz E-mail EwelinaWilk@outlook.com Wydzial automatyka
Id 66 Imie Elzbieta Nazwisko Wilk Pesel 1000014589 Tytul prof E-mail ElzbietaWilk@proton.com Wydzial fizjoterapia
Id 67 Imie Marek Nazwisko Baran Pesel 1000014462 Tytul dr E-mail MarekBaran@outlook.com Wydzial informatyka
Id 68 Imie Mariusz Nazwisko Krawczyk Pesel 1000017511 Tytul inz E-mail MariuszKrawczyk@o2.pl Wydzial informatyka
Id 69 Imie Pawel Nazwisko Wojcik Pesel 1000012092 Tytul inz E-mail PawelWojcik@o2.pl Wydzial informatyka
Id 70 Imie Zofia Nazwisko Wrobel Pesel 1000004126 Tytul prof E-mail Zofia.W@outlook.com Wydzial informatyka
Id 71 Imie Julia Nazwisko Kaczmarek Pesel 1000023127 Tytul prof E-mail Julia.K@proton.com Wydzial fizjoterapia
Id 72 Imie Aleksandra Nazwisko Pietrzak Pesel 1000000964 Tytul prof E-mail AleksandraPietrzak@outlook.com Wydzial ekonomia
Id 73 Imie Agnieszka Nazwisko Dudek Pesel 1000032205 Tytul dr E-mail ADudek@gmail.com Wydzial fizjoterapia
Id 74 Imie Aleksandra Nazwisko Sikora Pesel 1000006125 Tytul dr.hab E-mail Aleksandra.S@o2.pl Wydzial automatyka
Id 75 Imie Piotr Nazwisko Wilk Pesel 1000026488 Tytul inz E-mail PWilk@gmail.com Wydzial ekonomia
Id 76 Imie Maria Nazwisko Wilk Pesel 1000006744 Tytul inz E-mail MariaWilk@outlook.com Wydzial ekonomia
Id 77 Imie Zbigniew Nazwisko Adamczyk Pesel 1000020303 Tytul mgr E-mail ZAdamczyk@outlook.com Wydzial ekonomia
Id 78 Imie Krzysztof Nazwisko Baran Pesel 1000008962 Tytul mgr E-mail KBaran@outlook.com Wydzial automatyka
Id 79 Imie Piotr Nazwisko Wojcik Pesel 1000008567 Tytul dr E-mail PiotrWojcik@o2.pl Wydzial fizjoterapia
Id 80 Imie Tomasz Nazwisko Wilk Pesel 1000005784 Tytul prof E-mail Tomasz.W@outlook.com Wydzial informatyka
Id 81 Imie Mateusz Nazwisko Wilk Pesel 1000023819 Tytul inz E-mail Mateusz.W@proton.com Wydzial ekonomia
Id 82 Imie Anna Nazwisko Pawlak Pesel 1000021240 Tytul prof E-mail APawlak@o2.pl Wydzial informatyka
Id 83 Imie Aleksandra Nazwisko Szewczyk Pesel 1000020379 Tytul prof E-mail Aleksandra.S@gmail.com Wydzial fizjoterapia
Id 84 Imie Aleksandra Nazwisko Bak Pesel 1000016570 Tytul dr.hab E-mail ABak@proton.com Wydzial informatyka
Id 85 Imie Krystyna Nazwisko Duda Pesel 1000002260 Tytul dr E-mail Krystyna.D@o2.pl Wydzial informatyka
Id 86 Imie Malgorzata Nazwisko Wilk Pesel 1000004347 Tytul dr E-mail Malgorzata.W@gmail.com Wydzial fizjoterapia
Id 87 Imie Dariusz Nazwisko Bak Pesel 1000015064 Tytul dr.hab E-mail DBak@gmail.com Wydzial fizjoterapia
Id 88 Imie Aleksandra Nazwisko Bak Pesel 1000030947 Tytul inz E-mail Aleksandra.B@outlook.com Wydzial automatyka
Id 89 Imie Marcin Nazwisko Wrobel Pesel 1000011039 Tytul mgr E-mail MarcinWrobel@proton.com Wydzial fizjoterapia
Id 90 Imie Jakub Nazwisko Nowak Pesel 1000021653 Tytul dr.hab E-mail JNowak@outlook.com Wydzial automatyka
Id 91 Imie Agnieszka Nazwisko Lewandowski Pesel 1000011530 Tytul inz E-mail Agnieszka.L@outlook.com Wydzial ekonomia
Id 92 Imie Jakub Nazwisko Szewczyk Pesel 1000020882 Tytul prof E-mail JakubSzewczyk@o2.pl Wydzial fizjoterapia
Id 93 Imie Monika Nazwisko Krol Pesel 1000010849 Tytul dr E-mail MKrol@o2.pl Wydzial informatyka
Id 94 Imie Anna Nazwisko Krol Pesel 1000009397 Tytul inz E-mail Anna.K@outlook.com Wydzial automatyka
Id 95 Imie Joanna Nazwisko Wilk Pesel 1000020341 Tytul mgr E-mail JoannaWilk@proton.com Wydzial automatyka
Id 96 Imie Teresa Nazwisko Lewandowski Pesel 1000029260 Tytul prof E-mail Teresa.L@wp.pl Wydzial fizjoterapia
Id 97 Imie Monika Nazwisko Walczak Pesel 1000022441 Tytul prof E-mail MonikaWalczak@outlook.com Wydzial informatyka
Id 98 Imie Andrzej Nazwisko Sikora Pesel 1000032513 Tytul dr E-mail Andrzej.S@gmail.com Wydzial ekonomia
Id 99 Imie Jan Nazwisko Szewczyk Pesel 1000001149 Tytul dr E-mail JanSzewczyk@wp.pl Wydzial fizjoterapia
Id 100 Imie Ewelina Nazwisko Mazur Pesel 1000003721 Tytul dr.hab E-mail EMazur@outlook.com Wydzial ekonomia
Id 101 Imie Maria Nazwisko Duda Pesel 1000019582 Tytul mgr E-mail MariaDuda@proton.com Wydzial fizjoterapia
Id 102 Imie Malgorzata Nazwisko Walczak Pesel 1000004445 Tytul inz E-mail MWalczak@outlook.com Wydzial fizjoterapia
Id 103 Imie Agnieszka Nazwisko Lewandowski Pesel 1000006307 Tytul prof E-mail AgnieszkaLewandowski@o2.pl Wydzial automatyka
Id 104 Imie Rafal Nazwisko Nowak Pesel 1000031967 Tytul mgr E-mail RafalNowak@wp.pl Wydzial informatyka
Id 105 Imie Pawel Nazwisko Adamczyk Pesel 1000017915 Tytul prof E-mail PawelAdamczyk@proton.com Wydzial automatyka
Id 106 Imie Natalia Nazwisko Kaczmarek Pesel 1000029116 Tytul mgr E-mail NKaczmarek@proton.com Wydzial fizjoterapia
Id 107 Imie Zofia Nazwisko Wozniak Pesel 1000026304 Tytul dr.hab E-mail ZofiaWozniak@gmail.com Wydzial fizjoterapia
Id 108 Imie Elzbieta Nazwisko Pietrzak Pesel 1000014958 Tytul prof E-mail EPietrzak@o2.pl Wydzial automatyka
Id 109 Imie Ewa Nazwisko Nowak Pesel 1000014632 Tytul dr.hab E-mail EwaNowak@o2.pl Wydzial ekonomia
Id 110 Imie Piotr Nazwisko Pawlak Pesel 1000016422 Tytul prof E-mail Piotr.P@wp.pl Wydzial ekonomia
Id 111 Imie Ewa Nazwisko Nowak Pesel 1000019334 Tytul prof E-mail Ewa.N@gmail.com Wydzial fizjoterapia
Id 112 Imie Monika Nazwisko Stepien Pesel 1000026251 Tytul mgr E-mail MStepien@proton.com Wydzial ekonomia
Id 113 Imie Jakub Nazwisko Wrobel Pesel 1000007324 Tytul inz E-mail JakubWrobel@o2.pl Wydzial fizjoterapia
Id 114 Imie Elzbieta Nazwisko Kowalczyk Pesel 1000024330 Tytul mgr E-mail Elzbieta.K@o2.pl Wydzial fizjoterapia
Id 115 Imie Malgorzata Nazwisko Wozniak Pesel 1000001076 Tytul dr E-mail MalgorzataWozniak@proton.com Wydzial informatyka
Id 116 Imie Adam Nazwisko Mazur Pesel 1000000689 Tytul dr E-mail AdamMazur@proton.com Wydzial informatyka
Id 117 Imie Katarzyna Nazwisko Mazur Pesel 1000009041 Tytul mgr E-mail KatarzynaMazur@gmail.com Wydzial fizjoterapia
Id 118 Imie Ewa Nazwisko Walczak Pesel 1000011718 Tytul dr.hab E-mail EWalczak@wp.pl Wydzial fizjoterapia
Id 119 Imie Teresa Nazwisko Szewczyk Pesel 1000021656 Tytul prof E-mail Teresa.S@outlook.com Wydzial automatyka
Id 120 Imie Dariusz Nazwisko Baran Pesel 1000000676 Tytul inz E-mail DariuszBaran@outlook.com Wydzial ekonomia
Id 121 Imie Mateusz Nazwisko Wrobel Pesel 1000025798 Tytul dr.hab E-mail MWrobel@o2.pl Wydzial informatyka
Id 122 Imie Zbigniew Nazwisko Krawczyk Pesel 1000029045 Tytul dr E-mail Zbigniew.K@proton.com Wydzial fizjoterapia
Id 123 Imie Barbara Nazwisko Dudek Pesel 1000004170 Tytul mgr E-mail BarbaraDudek@outlook.com Wydzial automatyka
Id 124 Imie Marcin Nazwisko Krol Pesel 1000030951 Tytul dr.hab E-mail MarcinKrol@o2.pl Wydzial informatyka
Id 125 Imie Pawel Nazwisko Bak Pesel 1000011868 Tytul inz E-mail PBak@proton.com Wydzial ekonomia
Id 126 Imie Pawel Nazwisko Walczak Pesel 1000022520 Tytul inz E-mail PawelWalczak@proton.com Wydzial informatyka
Id 127 Imie Jan Nazwisko Walczak Pesel 1000025383 Tytul inz E-mail JWalczak@wp.pl Wydzial ekonomia
Id 128 Imie Stanislaw Nazwisko Baran Pesel 1000027489 Tytul inz E-mail StanislawBaran@wp.pl Wydzial fizjoterapia
Id 129 Imie Magdalena Nazwisko Stepien Pesel 1000031210 Tytul prof E-mail Magdalena.S@gmail.com Wydzial automatyka
Id 130 Imie Aleksandra Nazwisko Baran Pesel 1000016712 Tytul mgr E-mail ABaran@outlook.com Wydzial informatyka
Id 131 Imie Jan Nazwisko Wojcik Pesel 1000029965 Tytul dr E-mail JanWojcik@wp.pl Wydzial ekonomia
Id 132 Imie Pawel Nazwisko Pietrzak Pesel 1000007243 Tytul dr.hab E-mail Pawel.P@o2.pl Wydzial automatyka
Id 133 Imie Pawel Nazwisko Wrobel Pesel 1000017827 Tytul prof E-mail Pawel.W@o2.pl Wydzial automatyka
Id 134 Imie Zbigniew Nazwisko Bak Pesel 1000015099 Tytul mgr E-mail ZbigniewBak@o2.pl Wydzial fizjoterapia
Id 135 Imie Lukasz Nazwisko Nowak Pesel 1000017622 Tytul dr.hab E-mail LukaszNowak@outlook.com Wydzial fizjoterapia
Id 136 Imie Tomasz Nazwisko Szewczyk Pesel 1000021340 Tytul inz E-mail TSzewczyk@proton.com Wydzial ekonomia
Id 137 Imie Elzbieta Nazwisko Sikora Pesel 1000018729 Tytul dr.hab E-mail ESikora@wp.pl Wydzial informatyka
Id 138 Imie Krystyna Nazwisko Szewczyk Pesel 1000023060 Tytul inz E-mail Krystyna.S@proton.com Wydzial automatyka
Id 139 Imie Maria Nazwisko Stepien Pesel 1000022167 Tytul mgr E-mail Maria.S@gmail.com Wydzial automatyka
Id 140 Imie Dawid Nazwisko Nowak Pesel 1000029497 Tytul inz E-mail DawidNowak@proton.com Wydzial automatyka
Id 141 Imie Mariusz Nazwisko Dudek Pesel 1000017394 Tytul dr.hab E-mail Mariusz.D@outlook.com Wydzial fizjoterapia
Id 142 Imie Krystyna Nazwisko Nowak Pesel 1000024335 Tytul prof E-mail KrystynaNowak@outlook.com Wydzial fizjoterapia
Id 143 Imie Malgorzata Nazwisko Dudek Pesel 1000004378 Tytul prof E-mail Malgorzata.D@outlook.com Wydzial automatyka
Id 144 Imie Ewelina Nazwisko Wojcik Pesel 1000026391 Tytul inz E-mail EwelinaWojcik@outlook.com Wydzial ekonomia
Id 145 Imie Maria Nazwisko Wozniak Pesel 1000024795 Tytul dr.hab E-mail MWozniak@gmail.com Wydzial ekonomia
Id 146 Imie Zbigniew Nazwisko Pawlak Pesel 1000020524 Tytul dr E-mail ZPawlak@proton.com Wydzial informatyka
Id 147 Imie Ewa Nazwisko Stepien Pesel 1000026265 Tytul prof E-mail EwaStepien@outlook.com Wydzial fizjoterapia
Id 148 Imie Tomasz Nazwisko Wrobel Pesel 1000013490 Tytul dr.hab E-mail TomaszWrobel@gmail.com Wydzial ekonomia
Id 149 Imie Katarzyna Nazwisko Wieczorek Pesel 1000027403 Tytul mgr E-mail Katarzyna.W@gmail.com Wydzial informatyka
Id 150 Imie Alicja Nazwisko Stepien Pesel 1000030204 Tytul dr.hab E-mail AlicjaStepien@gmail.com Wydzial automatyka
Id 151 Imie Jakub Nazwisko Mazur Pesel 1000009404 Tytul mgr E-mail Jakub.M@proton.com Wydzial fizjoterapia
Id 152 Imie Maja Nazwisko Baran Pesel 1000015987 Tytul mgr E-mail MajaBaran@wp.pl Wydzial automatyka
Id 153 Imie Mariusz Nazwisko Stepien Pesel 1000020491 Tytul inz E-mail MariuszStepien@proton.com Wydzial fizjoterapia
Id 154 Imie Marcin Nazwisko Wilk Pesel 1000026155 Tytul dr.hab E-mail Marcin.W@o2.pl Wydzial automatyka
Id 155 Imie Malgorzata Nazwisko Lewandowski Pesel 1000002006 Tytul mgr E-mail MalgorzataLewandowski@outlook.com Wydzial automatyka
Id 156 Imie Grzegorz Nazwisko Walczak Pesel 1000000477 Tytul dr E-mail GWalczak@o2.pl Wydzial ekonomia
Id 157 Imie Marcin Nazwisko Duda Pesel 1000011043 Tytul prof E-mail MarcinDuda@gmail.com Wydzial informatyka
Id 158 Imie Marek Nazwisko Wojcik Pesel 1000002189 Tytul prof E-mail MarekWojcik@wp.pl Wydzial automatyka
Id 159 Imie Stanislaw Nazwisko Mazur Pesel 1000027995 Tytul dr E-mail StanislawMazur@proton.com Wydzial fizjoterapia
Id 160 Imie Michal Nazwisko Krol Pesel 1000024121 Tytul dr.hab E-mail MKrol@outlook.com Wydzial ekonomia
Id 161 Imie Lukasz Nazwisko Lewandowski Pesel 1000022006 Tytul dr.hab E-mail LukaszLewandowski@gmail.com Wydzial informatyka
Id 162 Imie Malgorzata Nazwisko Baran Pesel 1000017003 Tytul mgr E-mail MalgorzataBaran@o2.pl Wydzial fizjoterapia
Id 163 Imie Monika Nazwisko Dudek Pesel 1000016806 Tytul mgr E-mail MDudek@gmail.com Wydzial informatyka
Id 164 Imie Marcin Nazwisko Dudek Pesel 1000012163 Tytul prof E-mail MDudek@gmail.com Wydzial ekonomia
Id 165 Imie Jan Nazwisko Baran Pesel 1000014945 Tytul inz E-mail Jan.B@o2.pl Wydzial automatyka
Id 166 Imie Michal Nazwisko Zajac Pesel 1000013327 Tytul inz E-mail MichalZajac@wp.pl Wydzial fizjoterapia
Id 167 Imie Julia Nazwisko Bak Pesel 1000001257 Tytul mgr E-mail JuliaBak@outlook.com Wydzial automatyka
Id 168 Imie Marek Nazwisko Adamczyk Pesel 1000018836 Tytul inz E-mail MarekAdamczyk@o2.pl Wydzial informatyka
Id 169 Imie Zofia Nazwisko Wrobel Pesel 1000024977 Tytul mgr E-mail ZofiaWrobel@proton.com Wydzial ekonomia
Id 170 Imie Krystyna Nazwisko Pietrzak Pesel 1000013453 Tytul mgr E-mail KPietrzak@outlook.com Wydzial fizjoterapia
Id 171 Imie Tomasz Nazwisko Krol Pesel 1000000885 Tytul dr E-mail TomaszKrol@wp.pl Wydzial fizjoterapia
Id 172 Imie Natalia Nazwisko Lewandowski Pesel 1000008080 Tytul dr E-mail NLewandowski@proton.com Wydzial fizjoterapia
Id 173 Imie Robert Nazwisko Wrobel Pesel 1000031844 Tytul prof E-mail RobertWrobel@o2.pl Wydzial informatyka
Id 174 Imie Ewelina Nazwisko Pietrzak Pesel 1000030676 Tytul dr.hab E-mail EPietrzak@wp.pl Wydzial fizjoterapia
Id 175 Imie Magdalena Nazwisko Kaczmarek Pesel 1000007468 Tytul prof E-mail MKaczmarek@proton.com Wydzial automatyka
Id 176 Imie Grzegorz Nazwisko Baran Pesel 1000009107 Tytul dr E-mail Grzegorz.B@proton.com Wydzial ekonomia
Id 177 Imie Piotr Nazwisko Pietrzak Pesel 1000024834 Tytul mgr E-mail PiotrPietrzak@outlook.com Wydzial automatyka
Id 178 Imie Teresa Nazwisko Sikora Pesel 1000002806 Tytul dr.hab E-mail Teresa.S@outlook.com Wydzial ekonomia
Id 179 Imie Robert Nazwisko Nowak Pesel 1000014403 Tytul mgr E-mail RobertNowak@wp.pl Wydzial ekonomia
Id 180 Imie Dawid Nazwisko Kowalczyk Pesel 1000010903 Tytul dr.hab E-mail DawidKowalczyk@o2.pl Wydzial fizjoterapia
Id 181 Imie Wojciech Nazwisko Wrobel Pesel 1000014780 Tytul inz E-mail Wojciech.W@outlook.com Wydzial informatyka
Id 182 Imie Ewa Nazwisko Dudek Pesel 1000004789 Tytul inz E-mail EDudek@proton.com Wydzial ekonomia
Id 183 Imie Anna Nazwisko Szewczyk Pesel 1000015164 Tytul dr E-mail ASzewczyk@proton.com Wydzial fizjoterapia
Id 184 Imie Magdalena Nazwisko Mazur Pesel 1000024745 Tytul dr.hab E-mail MMazur@o2.pl Wydzial informatyka
Id 185 Imie Marcin Nazwisko Pietrzak Pesel 1000024868 Tytul mgr E-mail MarcinPietrzak@proton.com Wydzial informatyka
Id 186 Imie Joanna Nazwisko Krawczyk Pesel 1000030798 Tytul prof E-mail JKrawczyk@outlook.com Wydzial fizjoterapia
Id 187 Imie Dawid Nazwisko Kowalczyk Pesel 1000010788 Tytul inz E-mail DawidKowalczyk@proton.com Wydzial automatyka
Id 188 Imie Katarzyna Nazwisko Pietrzak Pesel 1000006477 Tytul prof E-mail KPietrzak@o2.pl Wydzial automatyka
Id 189 Imie Pawel Nazwisko Nowak Pesel 1000010094 Tytul prof E-mail PawelNowak@gmail.com Wydzial informatyka
Id 190 Imie Lukasz Nazwisko Sikora Pesel 1000028809 Tytul mgr E-mail Lukasz.S@o2.pl Wydzial fizjoterapia
Id 191 Imie Tomasz Nazwisko Dudek Pesel 1000017161 Tytul mgr E-mail Tomasz.D@wp.pl Wydzial automatyka
Id 192 Imie Lukasz Nazwisko Kowalczyk Pesel 1000002094 Tytul mgr E-mail LukaszKowalczyk@o2.pl Wydzial informatyka
Id 193 Imie Dawid Nazwisko Baran Pesel 1000032006 Tytul dr E-mail DBaran@o2.pl Wydzial automatyka
Id 194 Imie Krzysztof Nazwisko Walczak Pesel 1000002305 Tytul mgr E-mail KrzysztofWalczak@wp.pl Wydzial ekonomia
Id 195 Imie Zofia Nazwisko Dudek Pesel 1000013759 Tytul dr.hab E-mail ZDudek@wp.pl Wydzial informatyka
Id 196 Imie Jan Nazwisko Wozniak Pesel 1000011786 Tytul prof E-mail JWozniak@proton.com Wydzial automatyka
Id 197 Imie Elzbieta Nazwisko Krawczyk Pesel 1000015986 Tytul dr.hab E-mail Elzbieta.K@o2.pl Wydzial fizjoterapia
Id 198 Imie Natalia Nazwisko Sikora Pesel 1000010161 Tytul inz E-mail NSikora@wp.pl Wydzial informatyka
Id 199 Imie Adam Nazwisko Wrobel Pesel 1000021204 Tytul dr.hab E-mail AdamWrobel@gmail.com Wydzial ekonomia
Id 200 Imie Agnieszka Nazwisko Zajac Pesel 1000001501 Tytul dr E-mail AgnieszkaZajac@proton.com Wydzial informatyka
Id 201 Imie Maciej Nazwisko Pietrzak Pesel 1000007531 Tytul dr.hab E-mail MaciejPietrzak@outlook.com Wydzial fizjoterapia
Id 202 Imie Barbara Nazwisko Wojcik Pesel 1000010432 Tytul dr.hab E-mail BarbaraWojcik@o2.pl Wydzial fizjoterapia
Id 203 Imie Rafal Nazwisko Nowak Pesel 1000019921 Tytul dr E-mail RafalNowak@o2.pl Wydzial automatyka
Id 204 Imie Mateusz Nazwisko Wozniak Pesel 1000015949 Tytul prof E-mail MateuszWozniak@gmail.com Wydzial fizjoterapia
Id 205 Imie Maciej Nazwisko Wieczorek Pesel 1000025399 Tytul dr E-mail MaciejWieczorek@proton.com Wydzial automatyka
Id 206 Imie Rafal Nazwisko Mazur Pesel 1000001678 Tytul prof E-mail RafalMazur@wp.pl Wydzial ekonomia
Id 207 Imie Barbara Nazwisko Pawlak Pesel 1000028339 Tytul dr E-mail BPawlak@proton.com Wydzial automatyka
Id 208 Imie Natalia Nazwisko Krol Pesel 1000002902 Tytul dr.hab E-mail NataliaKrol@wp.pl Wydzial ekonomia
Id 209 Imie Marek Nazwisko Walczak Pesel 1000002121 Tytul dr.hab E-mail Marek.W@outlook.com Wydzial fizjoterapia
Id 210 Imie Stanislaw Nazwisko Wieczorek Pesel 1000014335 Tytul dr.hab E-mail StanislawWieczorek@o2.pl Wydzial automatyka
Id 211 Imie Elzbieta Nazwisko Lewandowski Pesel 1000020138 Tytul dr.hab E-mail ElzbietaLewandowski@gmail.com Wydzial informatyka
Id 212 Imie Tomasz Nazwisko Sikora Pesel 1000023607 Tytul prof E-mail Tomasz.S@wp.pl Wydzial informatyka
Id 213 Imie Mateusz Nazwisko Walczak Pesel 1000023835 Tytul prof E-mail MateuszWalczak@wp.pl Wydzial informatyka
Id 214 Imie Maria Nazwisko Pietrzak Pesel 1000012552 Tytul mgr E-mail MariaPietrzak@proton.com Wydzial informatyka
Id 215 Imie Stanislaw Nazwisko Bak Pesel 1000031760 Tytul dr.hab E-mail StanislawBak@gmail.com Wydzial ekonomia
Id 216 Imie Maciej Nazwisko Dudek Pesel 1000000412 Tytul mgr E-mail MDudek@gmail.com Wydzial ekonomia
Id 217 Imie Wojciech Nazwisko Wilk Pesel 1000016459 Tytul prof E-mail WojciechWilk@proton.com Wydzial fizjoterapia
Id 218 Imie Wojciech Nazwisko Wilk Pesel 1000012663 Tytul inz E-mail WojciechWilk@outlook.com Wydzial automatyka
Id 219 Imie Krzysztof Nazwisko Duda Pesel 1000008620 Tytul mgr E-mail KrzysztofDuda@o2.pl Wydzial informatyka
Id 220 Imie Dawid Nazwisko Walczak Pesel 1000004109 Tytul dr E-mail DawidWalczak@outlook.com Wydzial informatyka
Id 221 Imie Monika Nazwisko Duda Pesel 1000007669 Tytul prof E-mail MDuda@o2.pl Wydzial ekonomia
Id 222 Imie Piotr Nazwisko Sikora Pesel 1000019975 Tytul dr.hab E-mail PiotrSikora@o2.pl Wydzial automatyka
Id 223 Imie Zofia Nazwisko Stepien Pesel 1000003369 Tytul prof E-mail ZofiaStepien@proton.com Wydzial informatyka
Id 224 Imie Grzegorz Nazwisko Dudek Pesel 1000002711 Tytul prof E-mail GrzegorzDudek@outlook.com Wydzial fizjoterapia
Id 225 Imie Marcin Nazwisko Lewandowski Pesel 1000013393 Tytul mgr E-mail MarcinLewandowski@o2.pl Wydzial ekonomia
Id 226 Imie Elzbieta Nazwisko Kaczmarek Pesel 1000024483 Tytul dr.hab E-mail ElzbietaKaczmarek@outlook.com Wydzial informatyka
Id 227 Imie Maciej Nazwisko Wojcik Pesel 1000012497 Tytul dr.hab E-mail MaciejWojcik@proton.com Wydzial ekonomia
Id 228 Imie Mariusz Nazwisko Pietrzak Pesel 1000008633 Tytul inz E-mail MariuszPietrzak@wp.pl Wydzial fizjoterapia
Id 229 Imie Julia Nazwisko Kaczmarek Pesel 1000022926 Tytul prof E-mail JKaczmarek@outlook.com Wydzial informatyka
Id 230 Imie Jakub Nazwisko Wilk Pesel 1000017658 Tytul inz E-mail JakubWilk@gmail.com Wydzial fizjoterapia
Id 231 Imie Zofia Nazwisko Duda Pesel 1000031887 Tytul inz E-mail ZofiaDuda@gmail.com Wydzial ekonomia
Id 232 Imie Malgorzata Nazwisko Wojcik Pesel 1000004753 Tytul inz E-mail MWojcik@outlook.com Wydzial ekonomia
Id 233 Imie Stanislaw Nazwisko Mazur Pesel 1000016109 Tytul dr.hab E-mail SMazur@proton.com Wydzial automatyka
Id 234 Imie Natalia Nazwisko Wozniak Pesel 1000008773 Tytul dr.hab E-mail NWozniak@o2.pl Wydzial ekonomia
Id 235 Imie Dawid Nazwisko Baran Pesel 1000010788 Tytul mgr E-mail DawidBaran@gmail.com Wydzial automatyka
Id 236 Imie Ewa Nazwisko Szewczyk Pesel 1000029255 Tytul dr.hab E-mail EwaSzewczyk@wp.pl Wydzial fizjoterapia
Id 237 Imie Ewa Nazwisko Pawlak Pesel 1000027937 Tytul mgr E-mail Ewa.P@gmail.com Wydzial informatyka
Id 238 Imie Dawid Nazwisko Walczak Pesel 1000002901 Tytul mgr E-mail DawidWalczak@wp.pl Wydzial fizjoterapia
Id 239 Imie Monika Nazwisko Krawczyk Pesel 1000022697 Tytul dr E-mail MonikaKrawczyk@outlook.com Wydzial automatyka
Id 240 Imie Aleksandra Nazwisko Stepien Pesel 1000029114 Tytul mgr E-mail AleksandraStepien@proton.com Wydzial informatyka
Id 241 Imie Andrzej Nazwisko Szewczyk Pesel 1000030183 Tytul inz E-mail AndrzejSzewczyk@o2.pl Wydzial informatyka
Id 242 Imie Andrzej Nazwisko Kowalczyk Pesel 1000017376 Tytul prof E-mail Andrzej.K@gmail.com Wydzial informatyka
Id 243 Imie Piotr Nazwisko Sikora Pesel 1000004933 Tytul inz E-mail PiotrSikora@proton.com Wydzial informatyka
Id 244 Imie Magdalena Nazwisko Krol Pesel 1000025962 Tytul dr.hab E-mail Magdalena.K@o2.pl Wydzial fizjoterapia
Id 245 Imie Teresa Nazwisko Walczak Pesel 1000005857 Tytul dr.hab E-mail TeresaWalczak@o2.pl Wydzial automatyka
Id 246 Imie Robert Nazwisko Krawczyk Pesel 1000000525 Tytul dr.hab E-mail RobertKrawczyk@outlook.com Wydzial automatyka
Id 247 Imie Tomasz Nazwisko Lewandowski Pesel 1000007984 Tytul inz E-mail TomaszLewandowski@proton.com Wydzial informatyka
Id 248 Imie Alicja Nazwisko Krawczyk Pesel 1000007590 Tytul prof E-mail AKrawczyk@o2.pl Wydzial informatyka
Id 249 Imie Magdalena Nazwisko Szewczyk Pesel 1000018872 Tytul prof E-mail MagdalenaSzewczyk@wp.pl Wydzial ekonomia
Id 250 Imie Natalia Nazwisko Sikora Pesel 1000024381 Tytul prof E-mail NSikora@gmail.com Wydzial fizjoterapia
Id 251 Imie Marcin Nazwisko Dudek Pesel 1000011496 Tytul dr.hab E-mail MDudek@gmail.com Wydzial ekonomia
Id 252 Imie Adam Nazwisko Sikora Pesel 1000023287 Tytul dr.hab E-mail AdamSikora@proton.com Wydzial informatyka
Id 253 Imie Maja Nazwisko Mazur Pesel 1000032113 Tytul dr.hab E-mail Maja.M@outlook.com Wydzial automatyka
Id 254 Imie Mateusz Nazwisko Duda Pesel 1000025373 Tytul mgr E-mail MDuda@gmail.com Wydzial automatyka
Id 255 Imie Andrzej Nazwisko Duda Pesel 1000018610 Tytul inz E-mail Andrzej.D@outlook.com Wydzial ekonomia
Id 256 Imie Joanna Nazwisko Sikora Pesel 1000027340 Tytul inz E-mail JoannaSikora@proton.com Wydzial informatyka
Id 257 Imie Piotr Nazwisko Stepien Pesel 1000029968 Tytul dr.hab E-mail PiotrStepien@gmail.com Wydzial ekonomia
Id 258 Imie Agnieszka Nazwisko Szewczyk Pesel 1000021737 Tytul dr.hab E-mail AgnieszkaSzewczyk@wp.pl Wydzial fizjoterapia
Id 259 Imie Ewa Nazwisko Wieczorek Pesel 1000009812 Tytul prof E-mail EwaWieczorek@outlook.com Wydzial automatyka
Id 260 Imie Teresa Nazwisko Stepien Pesel 1000014438 Tytul mgr E-mail Teresa.S@outlook.com Wydzial fizjoterapia
Id 261 Imie Monika Nazwisko Dudek Pesel 1000001900 Tytul dr E-mail MonikaDudek@o2.pl Wydzial fizjoterapia
Id 262 Imie Natalia Nazwisko Wrobel Pesel 1000016130 Tytul inz E-mail NWrobel@o2.pl Wydzial ekonomia
Id 263 Imie Zofia Nazwisko Pietrzak Pesel 1000009234 Tytul dr.hab E-mail ZofiaPietrzak@wp.pl Wydzial automatyka
Id 264 Imie Mateusz Nazwisko Baran Pesel 1000024070 Tytul dr.hab E-mail Mateusz.B@o2.pl Wydzial informatyka
Id 265 Imie Krystyna Nazwisko Mazur Pesel 1000015441 Tytul dr E-mail KrystynaMazur@wp.pl Wydzial ekonomia
Id 266 Imie Alicja Nazwisko Szewczyk Pesel 1000020659 Tytul prof E-mail AlicjaSzewczyk@proton.com Wydzial fizjoterapia
Id 267 Imie Maria Nazwisko Pawlak Pesel 1000008422 Tytul dr E-mail MariaPawlak@outlook.com Wydzial fizjoterapia
Id 268 Imie Barbara Nazwisko Nowak Pesel 1000000598 Tytul mgr E-mail BarbaraNowak@gmail.com Wydzial informatyka
Id 269 Imie Ewelina Nazwisko Bak Pesel 1000000732 Tytul prof E-mail EwelinaBak@gmail.com Wydzial fizjoterapia
Id 270 Imie Adam Nazwisko Wojcik Pesel 1000002624 Tytul inz E-mail AdamWojcik@outlook.com Wydzial automatyka
Id 271 Imie Malgorzata Nazwisko Szewczyk Pesel 1000000516 Tytul mgr E-mail MalgorzataSzewczyk@outlook.com Wydzial fizjoterapia
Id 272 Imie Julia Nazwisko Adamczyk Pesel 1000003606 Tytul mgr E-mail JAdamczyk@outlook.com Wydzial fizjoterapia
Id 273 Imie Pawel Nazwisko Wozniak Pesel 1000032020 Tytul mgr E-mail PawelWozniak@outlook.com Wydzial informatyka
Id 274 Imie Pawel Nazwisko Lewandowski Pesel 1000024369 Tytul dr.hab E-mail Pawel.L@outlook.com Wydzial fizjoterapia
Id 275 Imie Krystyna Nazwisko Krawczyk Pesel 1000000910 Tytul inz E-mail KrystynaKrawczyk@outlook.com Wydzial ekonomia
Id 276 Imie Agnieszka Nazwisko Duda Pesel 1000001544 Tytul prof E-mail Agnieszka.D@gmail.com Wydzial ekonomia
Id 277 Imie Aleksandra Nazwisko Baran Pesel 1000007365 Tytul dr E-mail Aleksandra.B@outlook.com Wydzial ekonomia
Id 278 Imie Mariusz Nazwisko Baran Pesel 1000015069 Tytul inz E-mail Mariusz.B@gmail.com Wydzial informatyka
Id 279 Imie Magdalena Nazwisko Stepien Pesel 1000012435 Tytul mgr E-mail MagdalenaStepien@o2.pl Wydzial fizjoterapia
Id 280 Imie Krystyna Nazwisko Szewczyk Pesel 1000005405 Tytul inz E-mail KSzewczyk@wp.pl Wydzial ekonomia
Id 281 Imie Lukasz Nazwisko Mazur Pesel 1000003489 Tytul dr E-mail LukaszMazur@proton.com Wydzial informatyka
Id 282 Imie Michal Nazwisko Wieczorek Pesel 1000004922 Tytul mgr E-mail MichalWieczorek@o2.pl Wydzial fizjoterapia
Id 283 Imie Magdalena Nazwisko Duda Pesel 1000007758 Tytul dr.hab E-mail MagdalenaDuda@outlook.com Wydzial informatyka
Id 284 Imie Monika Nazwisko Kowalczyk Pesel 1000004833 Tytul dr E-mail MonikaKowalczyk@wp.pl Wydzial fizjoterapia
Id 285 Imie Krzysztof Nazwisko Walczak Pesel 1000010394 Tytul dr.hab E-mail KrzysztofWalczak@outlook.com Wydzial fizjoterapia
Id 286 Imie Aleksandra Nazwisko Wilk Pesel 1000030179 Tytul mgr E-mail AleksandraWilk@gmail.com Wydzial automatyka
Id 287 Imie Elzbieta Nazwisko Wozniak Pesel 1000018077 Tytul dr.hab E-mail ElzbietaWozniak@gmail.com Wydzial ekonomia
Id 288 Imie Aleksandra Nazwisko Bak Pesel 1000004644 Tytul mgr E-mail AleksandraBak@o2.pl Wydzial ekonomia
Id 289 Imie Robert Nazwisko Krol Pesel 1000027769 Tytul dr E-mail RobertKrol@wp.pl Wydzial automatyka
Id 290 Imie Rafal Nazwisko Pawlak Pesel 1000015210 Tytul mgr E-mail RafalPawlak@outlook.com Wydzial informatyka
Id 291 Imie Krzysztof Nazwisko Wrobel Pesel 1000007616 Tytul dr E-mail KrzysztofWrobel@outlook.com Wydzial ekonomia
Id 292 Imie Anna Nazwisko Wilk Pesel 1000017387 Tytul dr E-mail AnnaWilk@outlook.com Wydzial fizjoterapia
Id 293 Imie Stanislaw Nazwisko Adamczyk Pesel 1000014276 Tytul inz E-mail StanislawAdamczyk@gmail.com Wydzial automatyka
Id 294 Imie Katarzyna Nazwisko Wozniak Pesel 1000019680 Tytul mgr E-mail KWozniak@outlook.com Wydzial ekonomia
Id 295 Imie Lukasz Nazwisko Wojcik Pesel 1000016212 Tytul mgr E-mail Lukasz.W@wp.pl Wydzial fizjoterapia
Id 296 Imie Dawid Nazwisko Wrobel Pesel 1000014998 Tytul mgr E-mail DawidWrobel@o2.pl Wydzial informatyka
Id 297 Imie Barbara Nazwisko Mazur Pesel 1000016335 Tytul dr E-mail BarbaraMazur@wp.pl Wydzial automatyka
Id 298 Imie Joanna Nazwisko Kaczmarek Pesel 1000010147 Tytul mgr E-mail Joanna.K@o2.pl Wydzial ekonomia
Id 299 Imie Julia Nazwisko Pawlak Pesel 1000020111 Tytul mgr E-mail Julia.P@outlook.com Wydzial informatyka
Id 300 Imie Katarzyna Nazwisko Wozniak Pesel 1000022866 Tytul prof E-mail Katarzyna.W@o2.pl Wydzial informatyka
